<?xml version="1.0" encoding="UTF-8"?>
<project-private xmlns="http://www.netbeans.org/ns/project-private/1">
    <editor-bookmarks xmlns="http://www.netbeans.org/ns/editor-bookmarks/2" lastBookmarkId="0"/>
    <open-files xmlns="http://www.netbeans.org/ns/projectui-open-files/2">
        <group>
            <file>file:/C:/Users/Bhargav%20Baldev/Documents/NetBeansProjects/project/web/index.html</file>
            <file>file:/C:/Users/Bhargav%20Baldev/Documents/NetBeansProjects/project/src/java/com/aimdek/Controller/UpdateController.java</file>
            <file>file:/C:/Users/Bhargav%20Baldev/Documents/NetBeansProjects/project/src/java/com/aimdek/persistance/RegDAO.java</file>
            <file>file:/C:/Users/Bhargav%20Baldev/Documents/NetBeansProjects/project/nbproject/build-impl.xml</file>
            <file>file:/C:/Users/Bhargav%20Baldev/Documents/NetBeansProjects/project/web/WEB-INF/web.xml</file>
            <file>file:/C:/Users/Bhargav%20Baldev/Documents/NetBeansProjects/project/web/Register.jsp</file>
            <file>file:/C:/Users/Bhargav%20Baldev/Documents/NetBeansProjects/project/src/java/com/aimdek/Controller/EditController.java</file>
            <file>file:/C:/Users/Bhargav%20Baldev/Documents/NetBeansProjects/project/src/java/com/aimdek/Controller/SearchController.java</file>
            <file>file:/C:/Users/Bhargav%20Baldev/Documents/NetBeansProjects/project/src/java/com/aimdek/model/RegModel.java</file>
            <file>file:/C:/Users/Bhargav%20Baldev/Documents/NetBeansProjects/project/src/java/com/aimdek/Controller/DeleteController.java</file>
            <file>file:/C:/Users/Bhargav%20Baldev/Documents/NetBeansProjects/project/src/java/com/aimdek/Controller/RegController.java</file>
            <file>file:/C:/Users/Bhargav%20Baldev/Documents/NetBeansProjects/project/web/edit.jsp</file>
        </group>
    </open-files>
</project-private>
